"ID","Site_raw_t1_child","Gender_raw_t1","age_months_raw_t1","age_group_t1","age_months_raw_t2","age_group_t2","CPA_1","CPA_2_t1","CPA_3_RS_t1","CPA_4_t1","CPA_5_RS","CPA_6_t1","CPA_7_t1","CPA_8_t1","CPA_9_t1","CPA_10_t1","CPA_11_RS_t1","CPA_12_t1","CPA_1_V2","CPA_2_t2","CPA_3_RS_t2","CPA_4_t2","CPA_5_V2","CPA_6_t2","CPA_7_t2","CPA_8_t2","CPA_9_t2","CPA_10_t2","CPA_11_RS_t2","CPA_12_t2","language"
1,1,1,47,"4",60,"5",5,3,2,3,3,3,3,4,5,3,4,3,4,4,2,3,3,3,3,4,3,4,3,3,1
2,1,0,68,"6",81,"7",5,2,3,2,3,3,3,4,4,2,3,1,NA,NA,NA,NA,NA,NA,NA,NA,NA,NA,NA,NA,1
3,1,1,81,"6",94,"7",4,4,3,4,3,3,3,3,3,5,4,5,NA,NA,NA,NA,NA,NA,NA,NA,NA,NA,NA,NA,1
4,1,1,57,"5",71,"6",5,4,3,4,4,3,5,4,5,4,3,3,4,3,3,3,4,3,3,5,3,3,4,3,1
5,1,0,77,"6",90,"7",5,5,2,5,3,2,1,5,3,3,3,4,NA,NA,NA,NA,NA,NA,NA,NA,NA,NA,NA,NA,1
6,1,0,49,"4",62,"5",3,5,3,5,4,3,3,5,5,4,3,3,4,5,2,4,4,4,3,4,4,5,2,3,1
7,1,1,55,"5",67,"6",4,5,3,4,4,5,4,5,4,4,3,4,NA,NA,NA,NA,NA,NA,NA,NA,NA,NA,NA,NA,1
8,1,0,80,"6",93,"7",5,4,3,4,5,4,3,5,4,4,3,4,5,5,3,4,4,4,4,5,5,4,4,4,1
9,1,1,91,"6",NA,NA,5,4,4,5,4,4,3,4,4,4,4,4,NA,NA,NA,NA,NA,NA,NA,NA,NA,NA,NA,NA,1
10,1,0,44,"4",60,"5",3,2,3,3,4,3,3,4,4,3,4,2,4,3,2,3,3,3,3,4,4,4,3,3,1
11,1,1,76,"6",92,"7",4,3,4,3,5,3,5,5,4,4,4,3,NA,NA,NA,NA,NA,NA,NA,NA,NA,NA,NA,NA,1
12,1,1,67,"6",80,"7",4,4,3,5,4,3,3,NA,3,4,4,3,4,4,3,3,4,4,3,3,4,4,4,5,1
13,1,0,43,"4",55,"5",3,2,3,3,5,3,3,5,4,3,4,2,2,3,3,2,3,3,2,4,3,2,4,2,1
14,1,1,58,"5",71,"6",5,4,3,4,3,3,2,4,3,3,4,3,3,3,4,4,4,2,4,4,4,3,4,3,1
15,1,1,88,"6",101,"7",5,4,3,4,3,2,2,4,3,5,4,4,NA,NA,NA,NA,NA,NA,NA,NA,NA,NA,NA,NA,1
16,1,1,73,"6",86,"7",2,4,2,4,4,3,3,3,4,3,3,3,3,3,4,3,4,3,3,4,3,4,4,3,1
17,1,0,66,"6",81,"7",5,4,3,4,5,4,3,5,4,3,5,3,5,4,5,3,4,4,4,5,5,5,5,4,1
18,1,1,52,"4",65,"5",5,3,3,4,4,2,2,4,4,5,2,3,NA,NA,NA,NA,NA,NA,NA,NA,NA,NA,NA,NA,1
19,1,0,52,"4",65,"5",5,3,4,4,2,5,3,5,4,3,2,4,NA,NA,NA,NA,NA,NA,NA,NA,NA,NA,NA,NA,1
20,1,0,61,"5",73,"6",3,NA,3,3,4,3,2,5,5,NA,4,NA,3,NA,3,2,3,3,4,4,5,NA,2,NA,1
21,1,1,77,"6",94,"7",5,3,5,4,5,5,5,5,5,4,5,4,NA,NA,NA,NA,NA,NA,NA,NA,NA,NA,NA,NA,1
22,1,0,46,"4",63,"5",5,4,4,5,4,5,3,5,4,5,5,4,3,4,4,2,2,3,2,5,3,4,4,1,1
23,1,1,67,"6",80,"7",4,3,4,5,5,2,2,3,4,5,3,NA,2,4,3,4,3,1,1,2,4,5,3,NA,1
24,1,0,55,"5",67,"6",5,5,4,4,3,5,4,5,5,5,5,3,4,5,4,3,4,4,5,5,5,4,5,4,1
25,1,1,57,"5",NA,NA,4,3,5,2,3,4,3,2,5,NA,5,1,NA,NA,NA,NA,NA,NA,NA,NA,NA,NA,NA,NA,1
26,1,0,69,"6",83,"7",5,3,4,4,5,2,3,5,4,3,4,4,3,4,2,4,4,3,2,4,3,NA,4,3,1
27,1,0,77,"6",90,"7",5,5,4,3,4,4,4,3,3,3,NA,2,4,4,1,3,3,3,3,5,4,3,4,2,1
28,1,1,49,"4",64,"5",4,3,5,3,3,5,2,3,3,3,4,NA,4,2,4,2,4,4,4,3,5,3,5,NA,1
29,1,1,58,"5",71,"6",4,4,4,4,5,4,4,5,5,4,3,4,4,5,5,4,4,4,4,4,5,5,2,5,1
30,1,1,81,"6",93,"7",5,5,2,5,1,5,5,5,5,4,5,4,5,5,3,3,5,4,5,5,5,4,5,3,1
31,1,1,42,"4",55,"5",4,5,3,5,2,4,2,3,3,3,NA,NA,NA,NA,NA,NA,NA,NA,NA,NA,NA,NA,NA,NA,1
32,1,0,45,"4",59,"5",4,4,4,3,NA,4,3,3,3,NA,3,NA,3,4,3,3,2,3,2,4,3,4,3,4,1
33,1,0,55,"5",68,"6",3,NA,NA,5,1,5,3,5,3,NA,NA,NA,4,2,3,2,5,5,4,5,4,3,4,1,1
34,1,1,61,"5",76,"6",5,5,5,5,5,5,5,5,5,5,5,4,5,5,4,3,3,4,4,5,5,5,NA,3,1
35,1,0,45,"4",59,"5",3,4,2,3,4,3,3,3,4,NA,3,NA,NA,NA,NA,NA,NA,NA,NA,NA,NA,NA,NA,NA,1
36,1,0,68,"6",80,"7",4,3,4,4,5,2,2,3,2,NA,4,3,4,4,2,3,4,3,3,3,3,3,3,4,1
37,1,0,58,"5",72,"6",5,4,3,4,3,4,5,5,5,4,4,4,4,4,4,4,4,2,3,5,5,3,4,3,1
38,1,1,80,"6",93,"7",5,5,5,5,2,4,4,5,5,5,5,4,NA,NA,NA,NA,NA,NA,NA,NA,NA,NA,NA,NA,1
39,1,1,49,"4",64,"5",3,2,2,4,4,3,1,3,3,3,3,2,NA,NA,NA,NA,NA,NA,NA,NA,NA,NA,NA,NA,1
40,1,1,73,"6",88,"7",4,3,4,5,4,3,3,4,4,NA,NA,3,5,3,3,3,5,3,3,4,5,5,3,4,1
41,1,0,63,"5",81,"7",4,4,3,4,5,4,3,4,4,3,3,2,NA,NA,NA,NA,NA,NA,NA,NA,NA,NA,NA,NA,1
42,1,1,64,"5",77,"6",4,4,1,5,3,2,3,5,3,4,4,4,5,3,3,4,5,3,5,5,5,5,5,5,1
43,1,0,85,"6",98,"7",5,4,3,4,5,4,5,5,5,5,4,3,3,5,3,3,5,5,3,4,4,4,4,3,1
44,1,1,69,"6",82,"7",5,4,5,5,5,4,4,5,5,4,5,3,5,4,5,3,5,5,5,5,5,4,5,3,1
45,1,1,88,"6",NA,NA,5,5,NA,5,5,4,4,5,5,4,5,3,NA,NA,NA,NA,NA,NA,NA,NA,NA,NA,NA,NA,1
46,1,0,56,"5",71,"6",4,3,2,5,4,2,3,2,4,3,3,NA,4,4,4,2,4,3,3,3,3,3,4,2,1
47,1,1,61,"5",75,"6",4,4,4,3,4,3,2,3,4,3,4,2,4,4,4,2,5,3,3,3,4,3,4,2,1
48,1,1,88,"6",NA,NA,5,4,3,4,4,3,2,5,4,5,3,4,3,5,4,3,4,2,4,5,4,4,5,4,1
49,1,1,70,"6",83,"7",5,3,4,4,5,5,4,5,4,3,4,2,5,4,4,4,4,5,4,5,5,4,4,2,1
50,1,0,79,"6",NA,NA,4,4,3,4,3,3,3,4,4,4,3,4,NA,NA,NA,NA,NA,NA,NA,NA,NA,NA,NA,NA,1
51,1,1,53,"4",NA,NA,4,3,4,3,5,3,3,4,4,3,4,2,NA,NA,NA,NA,NA,NA,NA,NA,NA,NA,NA,NA,1
52,1,1,86,"6",99,"7",5,5,5,5,5,5,4,5,5,4,5,5,4,5,5,4,5,3,4,5,5,5,5,5,1
53,1,0,59,"5",74,"6",5,4,4,5,5,4,3,5,5,4,5,3,4,4,4,3,4,4,3,4,4,4,4,4,1
54,1,1,77,"6",93,"7",5,5,4,5,5,5,4,5,5,5,5,5,NA,NA,NA,NA,NA,NA,NA,NA,NA,NA,NA,NA,1
55,1,1,48,"4",61,"5",5,3,5,NA,5,NA,3,NA,4,3,3,NA,4,NA,5,2,4,4,5,4,5,4,5,3,1
56,1,1,70,"6",84,"7",4,4,3,5,4,4,2,5,2,5,3,5,5,3,3,4,5,4,5,5,4,3,5,1,1
57,1,0,48,"4",64,"5",3,1,4,4,2,2,2,3,2,3,3,1,3,4,3,3,3,3,2,3,4,3,2,4,1
58,1,0,77,"6",91,"7",5,4,4,4,1,5,3,3,2,3,4,4,4,3,3,3,4,4,2,4,3,3,4,NA,1
59,1,1,88,"6",NA,NA,5,3,5,4,5,5,5,4,5,4,3,3,5,3,5,4,5,4,5,5,5,3,5,4,1
60,1,1,47,"4",61,"5",5,4,3,4,3,2,3,4,3,5,3,3,4,3,3,4,3,3,2,3,3,4,3,4,1
61,1,1,82,"6",95,"7",4,4,3,4,5,4,2,5,5,3,4,4,4,5,3,4,4,4,5,5,5,4,5,4,1
62,1,1,88,"6",101,"7",5,3,3,4,5,4,3,3,4,3,4,2,4,4,4,3,4,4,4,4,4,4,5,4,1
63,1,0,58,"5",71,"6",3,NA,5,NA,3,2,2,4,5,NA,3,NA,3,3,5,2,3,3,4,5,4,3,NA,NA,1
64,1,1,66,"6",79,"7",5,1,3,3,3,3,3,4,3,4,4,2,3,1,4,1,4,3,2,4,3,3,5,1,1
65,1,1,51,"4",64,"5",4,3,4,4,5,5,2,5,3,3,4,2,3,5,3,4,4,4,4,5,4,5,4,2,1
66,1,0,55,"5",68,"6",5,4,3,4,3,3,4,3,5,2,5,2,3,3,4,3,5,3,3,4,3,3,5,3,1
67,1,1,54,"5",68,"6",4,4,4,5,4,5,3,5,4,4,5,2,4,4,3,3,3,4,3,5,4,3,4,3,1
68,1,1,60,"5",73,"6",3,3,1,3,1,2,3,3,5,3,4,2,5,3,3,3,4,3,4,4,5,3,4,3,1
69,1,0,48,"4",62,"5",2,3,4,4,4,3,4,3,4,4,4,3,4,3,3,3,4,3,3,2,3,4,4,4,1
70,1,1,73,"6",86,"7",4,4,4,4,5,3,3,4,3,3,5,3,NA,NA,NA,NA,NA,NA,NA,NA,NA,NA,NA,NA,1
71,1,1,75,"6",88,"7",3,4,4,4,5,3,3,4,4,4,3,4,4,5,2,3,3,2,2,4,3,4,2,4,1
72,1,0,52,"4",NA,NA,4,NA,5,NA,5,3,5,5,5,3,2,NA,NA,NA,NA,NA,NA,NA,NA,NA,NA,NA,NA,NA,1
73,1,0,58,"5",74,"6",4,3,4,3,5,3,3,4,4,2,2,3,5,3,1,4,5,4,5,5,5,4,4,1,1
74,1,1,43,"4",60,"5",4,3,3,4,3,3,3,4,3,NA,2,3,4,3,4,NA,4,4,3,NA,4,5,NA,NA,1
75,1,0,44,"4",58,"5",4,2,4,3,4,3,4,3,4,4,3,2,NA,NA,NA,NA,NA,NA,NA,NA,NA,NA,NA,NA,1
76,1,0,58,"5",72,"6",5,3,4,4,4,4,2,3,3,4,4,2,3,3,3,2,4,3,2,2,3,4,3,2,1
77,1,0,52,"4",64,"5",5,3,2,2,4,3,2,3,3,2,4,1,4,4,3,2,3,3,3,3,3,2,3,2,1
78,1,0,72,"6",85,"7",3,4,2,4,5,3,5,5,5,4,4,3,3,4,2,2,3,4,5,5,5,3,4,2,1
79,1,1,55,"5",70,"6",4,5,4,5,5,4,3,5,4,4,5,5,5,5,3,3,3,3,3,4,3,4,4,3,1
80,1,0,64,"5",77,"6",4,3,4,3,4,3,3,3,3,3,4,NA,3,4,4,3,3,3,2,3,3,3,4,3,1
81,1,1,74,"6",89,"7",5,3,4,3,5,4,4,5,4,3,4,2,4,4,5,4,4,2,3,5,3,3,4,2,1
82,1,1,89,"6",NA,NA,NA,NA,NA,NA,4,5,3,4,3,NA,NA,3,3,4,3,3,3,3,3,3,4,3,4,3,1
83,1,0,72,"6",84,"7",4,3,4,4,3,3,3,4,3,4,4,3,NA,NA,NA,NA,NA,NA,NA,NA,NA,NA,NA,NA,1
84,1,0,79,"6",91,"7",5,1,5,3,5,4,5,4,5,4,5,3,4,3,5,2,5,3,4,3,5,3,5,3,1
85,1,1,72,"6",85,"7",4,4,3,5,4,3,3,4,5,5,2,1,4,5,2,4,4,3,5,5,5,4,5,2,1
86,1,1,74,"6",88,"7",4,3,2,4,3,2,3,4,4,3,NA,2,3,4,2,3,4,1,3,3,3,4,4,3,1
87,1,1,81,"6",93,"7",4,4,4,4,5,3,3,5,5,4,5,NA,5,3,3,2,5,4,2,5,3,4,NA,NA,1
88,1,0,65,"5",80,"7",5,5,3,4,2,3,4,5,4,3,4,4,4,3,3,3,4,4,5,5,5,5,4,3,1
89,1,1,78,"6",91,"7",3,2,5,3,5,1,3,4,5,4,4,3,NA,NA,NA,NA,NA,NA,NA,NA,NA,NA,NA,NA,1
90,1,1,58,"5",72,"6",5,NA,1,NA,2,1,3,5,3,NA,4,NA,4,4,2,3,4,2,4,4,4,4,4,4,1
91,1,1,43,"4",55,"5",3,2,4,3,4,3,3,4,3,3,3,2,5,3,3,3,4,3,4,4,4,3,4,3,1
92,1,1,57,"5",70,"6",5,4,NA,5,1,5,5,5,5,5,3,3,4,4,4,3,4,5,4,4,2,5,5,5,1
93,1,0,59,"5",NA,NA,5,3,4,3,4,4,4,4,4,4,3,3,NA,NA,NA,NA,NA,NA,NA,NA,NA,NA,NA,NA,1
94,1,0,80,"6",NA,NA,5,3,3,3,3,3,4,4,4,4,2,4,NA,NA,NA,NA,NA,NA,NA,NA,NA,NA,NA,NA,1
95,1,1,62,"5",75,"6",5,4,4,3,3,3,3,5,4,3,4,1,3,4,4,3,5,4,3,3,3,3,3,2,1
96,1,1,64,"5",79,"7",5,3,2,5,3,3,3,5,3,4,3,4,4,3,2,2,5,4,3,4,4,3,4,2,1
97,1,0,84,"6",99,"7",3,NA,3,3,5,4,4,4,5,4,2,3,3,4,5,2,5,3,4,4,5,3,4,3,1
98,1,0,62,"5",75,"6",4,5,4,5,4,5,4,5,5,4,4,5,4,4,3,3,4,4,4,4,4,4,5,4,1
99,1,1,88,"6",104,"7",5,4,5,4,5,5,4,5,4,5,5,NA,5,4,4,NA,4,4,4,5,5,4,5,NA,1
100,1,0,71,"6",87,"7",5,NA,4,4,5,5,2,4,3,NA,5,NA,4,2,3,1,3,3,3,3,3,3,3,2,1
101,1,0,55,"5",69,"6",5,3,5,5,3,4,3,5,4,3,3,NA,5,5,5,2,5,3,4,4,5,3,4,3,1
102,1,0,81,"6",96,"7",5,4,4,5,5,5,3,4,5,5,5,4,5,3,5,4,5,4,5,4,5,5,5,3,1
103,1,0,63,"5",80,"7",3,2,4,2,5,4,4,4,4,2,3,2,4,3,3,1,5,5,5,4,5,3,4,2,1
104,1,0,61,"5",75,"6",4,2,2,3,3,3,2,3,4,2,4,1,3,3,1,2,3,2,4,4,4,3,4,1,1
105,1,0,87,"6",100,"7",4,3,3,4,4,3,3,3,4,3,4,1,4,4,3,2,4,4,3,4,4,3,4,2,1
106,1,1,56,"5",NA,NA,5,5,3,5,5,3,5,5,5,5,5,2,NA,NA,NA,NA,NA,NA,NA,NA,NA,NA,NA,NA,1
107,1,0,76,"6",NA,NA,5,4,3,5,5,4,5,5,5,4,5,3,NA,NA,NA,NA,NA,NA,NA,NA,NA,NA,NA,NA,1
108,1,0,73,"6",88,"7",5,3,2,3,5,3,5,4,5,3,4,NA,4,4,4,4,3,2,5,5,5,5,5,4,1
109,1,1,60,"5",74,"6",5,5,3,5,5,3,5,5,5,5,5,5,5,3,4,4,3,4,4,5,4,5,3,3,1
110,1,1,55,"5",69,"6",3,NA,NA,4,3,3,1,2,2,NA,NA,NA,3,3,3,3,4,3,1,NA,2,4,3,3,1
111,1,1,61,"5",75,"6",5,5,4,5,5,4,2,5,5,5,5,5,3,3,5,4,5,3,4,5,5,5,5,4,1
112,1,0,47,"4",61,"5",3,2,3,3,3,2,1,2,3,2,4,3,3,2,3,1,3,4,3,2,4,2,2,2,1
113,1,0,81,"6",95,"7",5,5,4,4,1,3,2,5,4,4,3,3,5,4,4,4,4,5,5,5,5,4,4,4,1
114,1,0,68,"6",82,"7",4,3,3,4,5,2,4,5,5,3,4,2,2,2,4,2,4,3,3,3,5,2,5,3,1
115,1,0,49,"4",61,"5",5,NA,3,3,5,5,3,5,3,3,3,3,4,NA,1,3,5,3,3,NA,3,4,5,4,1
116,1,1,72,"6",84,"7",5,2,3,3,4,3,3,4,4,3,4,2,4,3,3,2,3,3,4,5,5,3,4,2,1
117,1,0,60,"5",74,"6",5,4,4,4,4,3,3,4,4,3,4,2,5,4,4,3,4,5,5,5,5,4,4,3,1
118,1,0,60,"5",74,"6",4,3,1,3,4,2,2,3,4,3,4,3,3,4,2,3,3,3,4,4,4,4,3,3,1
119,1,1,44,"4",56,"5",5,5,3,5,3,4,3,5,3,3,4,4,4,5,3,4,3,3,3,4,3,3,4,4,1
120,1,1,71,"6",85,"7",5,5,3,5,4,4,4,5,5,4,3,4,3,3,5,3,4,2,4,3,4,3,4,4,1
121,1,0,87,"6",99,"7",5,5,3,5,5,3,4,5,4,4,5,NA,4,4,4,3,3,3,3,4,5,3,5,2,1
122,1,0,54,"5",66,"6",4,3,4,4,4,4,3,2,4,3,3,2,4,3,4,2,3,4,2,4,5,2,2,2,1
123,1,1,64,"5",NA,NA,3,2,4,5,NA,4,3,4,3,5,1,5,NA,NA,NA,NA,NA,NA,NA,NA,NA,NA,NA,NA,1
124,1,0,74,"6",87,"7",5,4,4,4,4,5,3,5,4,4,4,4,5,4,3,2,3,3,2,5,5,3,2,4,1
125,1,0,47,"4",60,"5",4,4,4,4,5,5,3,5,5,4,4,3,5,3,4,2,4,5,4,4,4,3,4,2,1
126,1,1,54,"5",69,"6",5,5,3,5,5,4,4,5,4,3,4,4,3,4,3,4,3,3,4,4,4,4,4,4,1
127,1,1,51,"4",63,"5",4,NA,4,3,2,4,1,2,3,3,2,2,3,NA,3,NA,4,5,4,2,4,2,3,1,1
128,1,1,88,"6",100,"7",5,3,4,3,3,3,1,2,3,4,4,2,3,4,4,3,3,4,2,4,3,5,4,4,1
129,1,0,84,"6",97,"7",5,5,4,5,3,4,2,5,4,4,5,4,3,4,4,3,5,3,3,5,4,5,5,5,1
130,1,1,67,"6",80,"7",5,5,5,5,5,4,4,4,4,5,5,5,3,3,5,2,3,3,3,5,4,3,3,3,1
131,1,1,80,"6",NA,NA,5,3,4,4,3,3,3,4,3,4,3,3,NA,NA,NA,NA,NA,NA,NA,NA,NA,NA,NA,NA,1
132,1,1,76,"6",88,"7",5,3,3,5,5,2,5,4,5,3,5,3,5,5,NA,4,5,3,5,5,5,5,5,NA,1
133,1,1,47,"4",60,"5",5,4,4,5,5,3,4,5,5,4,2,5,5,5,1,3,5,4,5,5,4,4,4,4,1
134,1,0,42,"4",NA,NA,5,3,3,NA,5,3,1,5,3,NA,NA,NA,NA,NA,NA,NA,NA,NA,NA,NA,NA,NA,NA,NA,1
135,1,1,81,"6",93,"7",5,4,4,4,4,4,2,5,NA,NA,5,4,5,5,3,4,3,3,2,4,3,4,4,2,1
136,1,1,51,"4",65,"5",3,4,4,4,4,3,4,4,4,3,2,3,3,3,4,3,3,3,3,4,4,3,4,2,1
137,1,0,51,"4",64,"5",5,NA,3,4,4,3,NA,NA,NA,NA,1,NA,4,NA,3,2,2,3,NA,4,3,3,3,NA,1
138,1,0,52,"4",64,"5",4,4,5,3,3,5,3,5,4,2,3,NA,4,4,3,3,3,3,3,4,4,4,3,4,1
139,1,0,52,"4",64,"5",3,5,NA,4,4,3,1,5,3,NA,3,3,3,3,3,3,3,2,1,5,3,2,4,2,1
140,1,0,73,"6",86,"7",5,3,5,3,3,3,4,5,4,2,4,3,3,3,4,2,3,2,3,3,3,3,3,NA,1
141,1,1,48,"4",59,"5",4,3,4,4,3,5,3,5,3,4,NA,4,4,3,3,NA,4,3,3,5,3,NA,4,NA,1
142,1,0,77,"6",89,"7",4,3,3,3,4,2,3,4,4,3,4,2,3,4,2,3,3,3,4,3,4,3,4,NA,1
143,1,0,82,"6",94,"7",2,NA,4,3,4,4,4,5,5,2,4,3,5,2,4,3,4,3,4,3,5,3,3,2,1
144,1,0,73,"6",85,"7",4,3,3,3,5,3,5,4,5,4,5,3,3,5,3,4,5,3,5,3,4,4,5,5,1
145,1,1,54,"5",66,"6",4,3,3,3,2,2,3,4,3,2,4,3,3,2,4,2,4,3,2,3,3,3,4,2,1
146,1,1,68,"6",80,"7",5,3,3,4,4,3,4,4,5,4,3,3,5,4,3,4,4,4,5,5,5,5,4,4,1
147,1,1,69,"6",83,"7",4,3,4,4,3,3,2,3,3,3,4,3,2,3,3,2,4,4,2,3,4,NA,5,NA,1
148,1,0,69,"6",80,"7",5,4,4,4,4,3,4,4,5,4,4,2,4,3,4,2,4,3,3,4,4,3,4,2,1
149,1,0,66,"6",78,"7",4,4,3,5,5,3,4,4,4,4,4,4,4,5,3,3,3,3,4,5,5,3,4,4,1
150,1,1,53,"4",68,"6",4,3,2,4,3,5,4,4,4,3,4,2,3,3,4,3,4,4,4,5,4,3,3,2,1
151,1,1,43,"4",56,"5",5,3,3,4,3,3,5,4,5,3,4,4,4,4,3,3,3,2,4,4,4,3,3,3,1
152,1,1,65,"5",77,"6",3,5,4,5,3,3,3,5,3,3,4,3,5,5,3,4,3,3,4,5,4,5,4,3,1
153,1,0,65,"5",NA,NA,5,4,4,4,5,3,4,4,5,4,4,2,NA,NA,NA,NA,NA,NA,NA,NA,NA,NA,NA,NA,1
154,1,0,79,"6",91,"7",4,3,3,3,5,3,4,4,5,NA,NA,NA,NA,2,4,2,4,3,3,5,4,4,4,NA,1
155,1,1,60,"5",73,"6",4,3,3,3,4,4,3,4,4,NA,4,NA,1,4,3,3,2,2,4,4,4,4,3,3,1
156,1,1,44,"4",58,"5",3,3,4,4,4,4,3,3,4,3,4,3,4,4,3,2,3,4,3,4,4,3,4,3,1
157,1,0,48,"4",60,"5",3,3,3,2,5,5,5,5,5,2,3,2,5,3,4,2,3,5,5,5,5,3,4,2,1
158,1,0,64,"5",76,"6",3,3,4,4,4,4,4,4,4,4,3,3,4,3,3,2,4,3,1,3,4,4,4,2,1
159,1,0,79,"6",93,"7",5,NA,3,NA,1,5,5,4,5,4,5,3,5,3,1,2,5,5,5,4,5,5,5,3,1
160,1,1,68,"6",79,"7",4,NA,5,2,5,4,3,2,2,4,NA,1,3,1,5,NA,4,3,5,2,5,NA,5,NA,1
161,1,1,65,"5",78,"7",5,5,4,5,5,4,4,5,5,4,3,4,4,4,4,3,4,4,5,5,5,4,4,4,1
162,1,1,43,"4",56,"5",5,5,3,4,4,5,4,5,5,4,3,3,5,4,3,3,4,4,5,5,4,4,4,4,1
163,1,1,67,"6",80,"7",5,5,4,4,4,3,3,4,4,3,5,4,4,5,4,4,5,3,4,4,5,4,5,3,1
164,1,0,45,"4",57,"5",3,4,NA,NA,3,3,NA,4,3,NA,3,NA,3,3,3,2,2,3,2,4,3,2,3,3,1
165,1,0,42,"4",54,"5",5,3,3,3,5,3,4,NA,5,NA,NA,NA,3,2,3,2,5,4,5,5,5,4,3,3,1
166,1,0,68,"6",81,"7",3,3,3,3,4,4,4,3,3,3,2,3,3,5,3,4,5,5,5,5,5,4,4,5,1
167,1,0,83,"6",NA,NA,4,NA,3,5,5,3,5,5,5,4,NA,NA,NA,NA,NA,NA,NA,NA,NA,NA,NA,NA,NA,NA,1
168,1,1,46,"4",61,"5",5,5,3,5,4,2,1,5,4,4,4,5,3,4,4,4,4,2,4,3,4,5,NA,1,1
169,1,0,64,"5",78,"7",3,1,2,4,3,1,1,3,5,4,NA,NA,2,3,4,3,3,3,3,4,5,NA,4,NA,1
170,1,0,68,"6",80,"7",5,3,4,3,3,1,2,4,3,2,2,2,5,5,5,4,3,1,3,5,4,4,4,4,1
171,1,1,79,"6",91,"7",4,4,4,5,3,3,3,4,4,3,4,4,4,4,4,3,3,4,3,3,4,4,4,3,1
172,1,0,55,"5",67,"6",3,3,4,3,3,3,3,4,3,3,4,2,4,3,3,2,4,4,3,4,3,4,3,3,1
173,1,1,45,"4",NA,NA,4,5,3,5,3,3,3,5,5,5,2,4,NA,NA,NA,NA,NA,NA,NA,NA,NA,NA,NA,NA,1
174,1,1,80,"6",92,"7",5,4,3,4,5,3,5,5,4,4,4,3,3,5,4,4,5,3,5,5,5,3,2,5,1
175,1,1,47,"4",58,"5",NA,NA,NA,NA,NA,NA,NA,NA,NA,NA,NA,NA,4,3,4,2,3,3,3,2,3,3,3,2,1
176,1,1,78,"6",90,"7",4,5,5,5,5,4,2,5,4,4,5,4,4,5,5,4,4,5,3,5,4,4,5,4,1
177,1,1,45,"4",58,"5",5,1,4,5,3,4,3,5,4,3,3,4,4,3,4,2,5,4,3,5,4,3,4,3,1
178,1,1,45,"4",57,"5",4,4,3,4,4,4,4,5,5,4,3,4,4,4,4,2,3,4,4,4,3,3,4,2,1
179,1,1,71,"6",83,"7",3,3,2,5,3,1,5,5,3,5,3,1,5,5,5,3,3,5,5,5,5,3,3,2,1
180,1,1,83,"6",NA,NA,3,4,4,5,4,3,3,4,4,5,3,4,NA,NA,NA,NA,NA,NA,NA,NA,NA,NA,NA,NA,1
181,1,0,83,"6",NA,NA,5,3,4,3,5,3,4,4,5,4,4,2,NA,NA,NA,NA,NA,NA,NA,NA,NA,NA,NA,NA,1
182,1,1,78,"6",91,"7",5,4,3,4,4,4,3,3,4,4,5,3,4,4,4,3,4,3,3,3,4,3,5,2,1
183,1,1,51,"4",63,"5",4,3,2,4,3,3,4,4,4,3,3,NA,3,4,2,3,3,2,3,4,4,3,3,2,1
184,1,0,47,"4",NA,NA,NA,NA,NA,NA,NA,NA,NA,NA,NA,NA,NA,NA,NA,NA,NA,NA,NA,NA,NA,NA,NA,NA,NA,NA,1
185,1,0,47,"4",NA,NA,5,5,3,3,5,5,5,5,5,3,3,3,NA,NA,NA,NA,NA,NA,NA,NA,NA,NA,NA,NA,1
186,1,0,49,"4",61,"5",NA,NA,NA,NA,NA,NA,NA,NA,NA,NA,NA,NA,3,3,3,3,3,3,4,4,4,3,3,3,1
187,1,0,67,"6",79,"7",NA,NA,NA,NA,NA,NA,NA,NA,NA,NA,NA,NA,3,4,4,2,4,3,3,4,4,4,4,2,1
188,2,0,56,"5",69,"6",3,2,3,2,4,4,2,2,4,3,4,1,5,3,4,2,5,4,4,4,5,3,4,NA,2
189,2,1,43,"4",56,"5",3,3,4,4,4,4,3,4,4,4,4,NA,4,4,5,3,3,3,1,3,1,3,3,4,2
190,2,1,57,"5",71,"6",NA,3,4,4,5,2,3,4,5,3,3,4,3,5,3,3,4,1,4,4,4,4,4,4,2
191,2,1,57,"5",70,"6",4,3,4,3,4,2,1,3,4,3,3,2,3,2,2,2,4,3,2,3,4,NA,NA,1,2
192,2,0,80,"6",93,"7",5,3,4,4,4,3,2,3,3,4,3,4,NA,NA,NA,NA,NA,NA,NA,NA,NA,NA,NA,NA,2
193,2,1,54,"5",71,"6",4,2,3,2,4,2,3,2,3,NA,2,1,4,4,3,3,3,3,3,3,4,3,3,2,2
194,2,1,59,"5",73,"6",3,NA,4,NA,4,3,3,NA,3,3,3,NA,4,3,4,2,4,4,3,2,4,4,3,2,2
195,2,1,45,"4",58,"5",4,3,2,3,5,3,3,3,3,2,2,2,3,3,3,2,4,4,3,3,3,NA,4,NA,2
196,2,0,55,"5",68,"6",4,3,3,4,5,2,3,4,4,4,4,2,2,4,5,2,4,2,4,NA,4,4,4,2,2
197,2,1,42,"4",55,"5",NA,5,4,5,2,4,1,4,2,4,1,4,4,4,4,4,2,2,4,5,3,NA,3,2,2
198,2,0,66,"6",79,"7",4,NA,4,4,5,3,NA,2,5,5,5,NA,3,3,3,2,5,4,5,4,5,5,3,3,2
199,2,1,78,"6",91,"7",5,3,5,5,5,3,3,3,5,4,4,2,5,4,5,4,5,3,3,5,5,5,5,NA,2
200,2,0,54,"5",68,"6",4,3,3,4,5,5,3,4,4,4,3,2,3,3,3,2,4,4,3,4,4,3,4,2,2
201,2,1,55,"5",70,"6",5,3,5,4,2,4,3,5,5,3,5,2,4,3,3,1,5,3,1,3,3,5,4,3,2
202,2,1,42,"4",56,"5",5,5,3,4,2,2,2,5,3,3,2,4,5,3,2,4,3,2,2,5,2,4,2,4,2
203,2,1,58,"5",72,"6",3,4,2,4,2,3,2,4,2,4,4,NA,4,5,3,3,4,2,3,3,3,4,5,4,2
204,2,0,57,"5",69,"6",5,3,3,3,1,3,5,5,5,4,5,3,3,NA,4,2,5,3,5,5,5,3,3,3,2
205,2,0,45,"4",59,"5",5,2,5,NA,5,4,NA,1,4,3,4,1,4,2,5,1,4,4,3,1,1,3,3,1,2
206,2,0,56,"5",70,"6",4,5,3,5,5,3,4,5,5,4,5,4,3,4,4,3,3,3,4,4,4,4,4,4,2
207,2,1,54,"5",68,"6",4,2,3,3,4,3,2,3,4,2,4,2,4,3,4,3,4,3,3,4,4,4,4,3,2
208,2,0,43,"4",55,"5",4,1,3,2,5,3,4,3,4,3,2,1,4,5,4,3,4,3,5,5,5,4,4,2,2
209,2,0,44,"4",56,"5",4,2,2,3,2,4,4,3,4,4,3,2,5,3,3,2,4,4,3,3,3,NA,3,NA,2
210,2,1,43,"4",56,"5",4,2,4,3,3,4,4,4,4,NA,3,NA,2,3,4,2,4,2,4,4,4,3,4,2,2
211,2,1,56,"5",69,"6",5,4,4,4,5,5,4,5,5,3,4,3,5,5,5,4,3,4,3,5,5,4,3,2,2
212,2,1,81,"6",95,"7",4,3,2,4,5,3,2,4,3,3,3,3,4,5,2,4,4,3,2,3,3,4,4,NA,2
213,2,0,55,"5",68,"6",4,NA,1,NA,5,5,5,NA,5,NA,1,NA,3,4,1,1,3,NA,1,3,3,NA,NA,NA,2
214,2,1,58,"5",70,"6",5,3,NA,5,5,1,4,3,5,5,3,NA,2,5,5,4,3,2,2,1,2,5,3,NA,2
215,2,1,57,"5",70,"6",4,4,3,5,4,4,3,3,4,3,3,3,5,5,3,4,5,3,2,3,4,4,4,2,2
216,2,1,79,"6",NA,NA,5,5,5,5,5,4,4,4,4,4,5,4,NA,NA,NA,NA,NA,NA,NA,NA,NA,NA,NA,NA,2
217,2,0,64,"5",77,"6",5,4,3,4,5,3,3,4,5,4,3,2,4,5,3,3,4,3,4,4,4,4,3,3,2
218,2,1,56,"5",NA,NA,4,3,4,4,4,3,3,4,3,3,4,2,NA,NA,NA,NA,NA,NA,NA,NA,NA,NA,NA,NA,2
219,2,0,57,"5",71,"6",5,4,4,3,5,5,5,3,5,5,5,3,3,2,4,1,4,4,3,4,4,4,4,1,2
220,2,1,68,"6",81,"7",5,4,2,5,3,3,3,5,3,4,NA,NA,4,3,2,3,3,3,4,4,4,NA,NA,NA,2
221,2,0,61,"5",73,"6",3,5,4,5,5,3,5,5,5,5,5,4,4,4,3,3,5,3,4,5,5,5,5,4,2
222,2,0,45,"4",57,"5",4,3,3,3,4,4,4,4,4,NA,3,3,4,3,3,2,4,4,3,3,4,4,3,3,2
223,2,1,63,"5",77,"6",4,4,4,3,5,3,1,4,NA,4,3,3,5,5,4,3,4,4,NA,3,2,5,NA,NA,2
224,2,1,81,"6",95,"7",4,4,2,4,5,3,4,3,4,4,5,4,3,5,NA,4,4,3,5,3,5,4,5,4,2
225,2,0,55,"5",68,"6",4,4,5,5,3,4,3,2,4,5,5,4,3,3,3,3,3,3,3,2,3,3,4,4,2
226,2,0,79,"6",92,"7",5,5,3,4,5,3,3,4,5,3,4,3,4,5,3,4,5,4,4,5,5,4,5,4,2
227,2,1,56,"5",69,"6",1,3,3,3,5,NA,3,NA,5,3,5,NA,3,NA,4,3,5,3,3,2,3,NA,3,NA,2
228,2,1,82,"6",NA,NA,4,4,2,4,5,5,3,5,3,4,4,4,NA,NA,NA,NA,NA,NA,NA,NA,NA,NA,NA,NA,2
229,2,1,58,"5",72,"6",4,4,4,4,4,3,3,3,4,4,3,NA,2,2,3,2,3,3,4,3,3,3,4,2,2
230,2,0,56,"5",70,"6",5,3,4,3,5,2,2,4,2,4,4,2,4,3,4,4,4,3,4,4,5,5,4,3,2
231,2,0,48,"4",62,"5",5,3,4,3,4,3,3,4,4,2,4,3,4,3,3,2,4,4,4,5,5,3,5,3,2
232,2,0,55,"5",69,"6",5,4,4,3,4,5,3,5,4,4,3,3,5,3,4,3,4,3,3,2,3,4,5,4,2
233,2,0,49,"4",63,"5",3,3,2,3,3,2,2,5,3,2,2,2,3,3,4,2,2,3,3,5,3,3,2,2,2
234,2,1,49,"4",62,"5",4,3,2,4,4,3,3,3,5,3,3,2,4,4,3,4,3,3,4,4,5,5,3,4,2
235,2,1,46,"4",59,"5",5,5,5,5,5,5,4,4,5,3,4,3,5,4,4,3,4,4,4,4,5,3,4,3,2
236,2,1,52,"4",NA,NA,5,4,2,3,4,4,3,3,3,3,2,2,NA,NA,NA,NA,NA,NA,NA,NA,NA,NA,NA,NA,2
237,2,1,44,"4",NA,NA,5,1,5,1,1,5,5,5,5,NA,3,NA,NA,NA,NA,NA,NA,NA,NA,NA,NA,NA,NA,NA,2
238,2,0,59,"5",72,"6",NA,NA,NA,NA,NA,NA,NA,NA,NA,NA,NA,NA,3,4,5,3,5,3,2,3,3,4,2,3,2
239,2,1,55,"5",69,"6",4,4,3,4,4,3,4,3,5,4,4,3,3,4,3,3,5,3,3,3,5,5,3,3,2
240,2,1,80,"6",94,"7",5,4,2,4,3,4,2,NA,2,NA,4,3,3,3,2,2,3,4,2,2,3,4,3,4,2
241,2,0,70,"6",84,"7",4,NA,3,3,4,3,2,3,3,2,4,3,2,3,3,2,4,2,3,3,4,3,4,3,2
242,2,0,54,"5",68,"6",5,4,4,5,5,3,4,5,5,4,5,3,4,NA,3,NA,4,4,5,5,4,NA,4,NA,2
243,2,0,44,"4",58,"5",5,5,3,4,2,3,4,5,4,3,4,4,3,3,3,4,4,2,5,5,4,4,2,2,2
244,2,0,68,"6",81,"7",5,3,2,3,4,3,4,3,4,4,3,2,4,4,4,3,4,5,NA,5,5,NA,4,3,2
245,2,0,57,"5",72,"6",4,4,4,5,5,4,4,5,5,4,5,4,4,4,4,3,4,3,3,5,5,4,3,4,2
246,2,1,52,"4",65,"5",3,NA,4,4,4,4,3,2,4,NA,4,1,NA,NA,NA,NA,NA,NA,NA,NA,NA,NA,NA,NA,2
247,2,0,49,"4",65,"5",4,1,2,1,3,2,3,2,2,3,3,1,2,1,3,1,3,3,2,4,3,3,3,2,2
248,2,0,54,"5",67,"6",5,4,2,4,4,3,2,3,3,2,4,NA,3,3,3,2,4,3,3,4,4,2,2,2,2
249,2,1,68,"6",85,"7",NA,NA,NA,NA,NA,NA,NA,NA,NA,NA,NA,NA,3,5,5,4,3,4,2,3,3,4,4,4,2
250,2,0,45,"4",58,"5",4,3,2,4,4,3,3,2,5,5,3,4,3,4,3,3,4,3,3,3,4,3,4,NA,2
251,2,1,44,"4",NA,NA,NA,NA,NA,NA,NA,NA,NA,NA,NA,NA,NA,NA,NA,NA,NA,NA,NA,NA,NA,NA,NA,NA,NA,NA,2
252,2,1,51,"4",64,"5",4,3,4,3,4,3,4,4,4,4,4,3,3,4,3,3,3,2,5,4,5,4,3,3,2
253,2,0,67,"6",NA,NA,4,4,3,3,4,3,3,3,4,4,5,3,NA,NA,NA,NA,NA,NA,NA,NA,NA,NA,NA,NA,2
254,2,0,57,"5",70,"6",5,4,4,4,5,3,3,3,4,NA,4,NA,3,4,4,3,4,3,2,4,4,4,4,3,2
255,2,1,52,"4",67,"6",4,3,2,4,5,2,3,4,4,4,4,3,3,4,3,3,4,3,2,5,5,4,4,3,2
256,2,0,54,"5",NA,NA,5,4,4,5,5,4,5,4,5,5,5,3,NA,NA,NA,NA,NA,NA,NA,NA,NA,NA,NA,NA,2
257,2,1,50,"4",63,"5",5,4,2,4,5,2,3,5,5,4,4,3,5,5,2,4,3,4,4,5,5,5,4,4,2
258,2,1,52,"4",65,"5",5,3,4,4,3,4,2,NA,3,4,4,2,4,3,4,3,4,4,3,2,3,4,4,3,2
259,2,1,49,"4",63,"5",4,3,NA,4,4,1,3,2,3,NA,2,3,4,4,4,3,3,2,4,4,5,3,5,3,2
260,2,1,45,"4",58,"5",4,3,3,5,5,3,4,5,4,NA,3,4,4,3,4,3,5,4,5,5,4,4,NA,2,2
261,2,1,69,"6",82,"7",4,4,4,4,4,4,3,3,4,3,3,3,4,3,3,2,4,4,4,4,4,3,4,3,2
262,2,1,52,"4",67,"6",5,5,3,5,5,3,5,5,5,5,5,4,3,4,4,4,3,3,2,2,5,4,5,4,2
263,2,1,58,"5",71,"6",5,4,5,4,5,4,3,3,4,4,2,2,5,2,3,1,3,5,NA,5,5,5,5,2,2
264,2,0,55,"5",67,"6",4,2,NA,5,5,4,3,3,4,NA,NA,4,3,3,3,1,3,2,5,2,3,2,4,2,2
265,2,1,57,"5",70,"6",5,3,4,4,4,4,4,NA,5,NA,4,4,3,3,5,3,4,3,4,4,5,4,4,3,2
266,2,0,66,"6",NA,NA,4,NA,3,NA,4,3,NA,2,3,NA,3,1,NA,NA,NA,NA,NA,NA,NA,NA,NA,NA,NA,NA,2
267,2,0,60,"5",72,"6",4,3,3,4,4,4,3,3,4,3,3,3,4,3,3,3,3,3,4,4,5,3,3,4,2
268,2,0,58,"5",77,"6",4,3,4,4,5,4,3,3,5,4,3,4,5,3,4,2,3,2,4,2,4,NA,4,1,2
269,2,1,54,"5",68,"6",3,4,2,4,5,3,3,NA,NA,NA,3,2,3,NA,3,NA,4,3,2,4,5,NA,2,NA,2
270,2,0,47,"4",60,"5",5,4,3,3,5,3,4,2,5,4,2,3,4,4,4,3,4,4,3,2,5,NA,5,1,2
271,2,1,64,"5",80,"7",5,4,5,5,2,5,3,5,4,4,5,4,3,2,2,3,5,5,5,5,5,5,3,1,2
272,2,1,57,"5",70,"6",3,2,4,2,5,NA,4,4,4,1,NA,NA,NA,NA,NA,NA,NA,NA,NA,NA,NA,NA,NA,NA,2
273,2,1,47,"4",NA,NA,4,4,2,5,2,3,5,5,5,3,3,2,NA,NA,NA,NA,NA,NA,NA,NA,NA,NA,NA,NA,2
274,2,1,60,"5",75,"6",4,3,4,4,4,3,3,3,4,3,5,2,4,3,4,2,4,3,2,4,4,2,4,3,2
275,2,0,54,"5",67,"6",3,4,3,4,4,3,5,4,3,3,3,NA,3,2,3,3,3,2,2,5,4,NA,4,NA,2
276,2,1,73,"6",NA,NA,4,4,3,4,4,4,2,2,3,4,3,1,NA,NA,NA,NA,NA,NA,NA,NA,NA,NA,NA,NA,2
277,2,1,45,"4",59,"5",4,2,3,4,4,3,NA,4,4,3,5,2,4,3,4,3,4,3,3,4,4,4,5,3,2
278,2,0,63,"5",76,"6",5,4,5,5,4,3,3,4,5,4,4,2,4,4,5,3,4,4,4,4,5,5,5,3,2
279,2,1,47,"4",61,"5",3,4,4,5,2,3,4,3,4,3,4,4,3,5,3,4,3,3,3,2,5,4,4,4,2
280,2,0,46,"4",60,"5",5,3,2,3,5,1,3,3,4,3,NA,4,3,4,3,3,4,2,3,3,4,3,4,3,2
281,2,1,54,"5",66,"6",3,4,4,5,5,3,4,3,4,4,2,3,4,4,4,4,3,3,4,5,5,4,3,5,2
282,2,0,69,"6",NA,NA,5,4,4,4,4,2,3,3,4,4,4,3,NA,NA,NA,NA,NA,NA,NA,NA,NA,NA,NA,NA,2
283,2,1,44,"4",57,"5",5,3,5,4,4,4,2,3,4,2,3,4,4,5,4,3,5,3,2,3,4,4,4,NA,2
284,2,0,49,"4",62,"5",4,NA,4,4,5,4,4,NA,5,NA,3,NA,4,NA,4,NA,4,3,4,2,4,NA,4,NA,2
285,2,1,48,"4",61,"5",5,4,3,3,5,3,3,3,5,4,5,2,3,5,4,3,5,3,4,5,4,5,5,2,2
286,2,1,77,"6",89,"7",4,3,5,2,4,4,2,3,4,3,4,3,4,4,3,3,5,3,3,4,3,4,4,4,2
287,2,1,56,"5",69,"6",3,4,5,3,3,4,3,4,3,3,4,NA,4,3,4,2,4,4,3,3,3,4,4,3,2
288,2,0,49,"4",61,"5",NA,3,5,3,5,4,3,4,5,5,3,NA,3,NA,4,3,4,5,NA,NA,5,NA,3,3,2
289,2,0,63,"5",75,"6",5,3,4,2,5,3,3,3,5,NA,NA,NA,NA,NA,NA,NA,NA,NA,NA,NA,NA,NA,NA,NA,2
290,2,0,79,"6",91,"7",4,4,3,5,4,3,2,4,5,NA,3,NA,3,5,2,4,3,2,3,4,3,3,4,NA,2
291,2,1,60,"5",NA,NA,2,3,2,3,3,2,2,4,4,4,2,1,NA,NA,NA,NA,NA,NA,NA,NA,NA,NA,NA,NA,2
292,2,0,73,"6",87,"7",4,3,3,3,4,3,3,3,3,3,4,3,5,3,2,2,4,4,4,4,4,NA,4,3,2
293,2,0,60,"5",74,"6",5,4,2,5,4,3,4,3,5,3,2,NA,4,5,4,4,4,3,4,4,5,5,4,3,2
294,2,1,62,"5",75,"6",5,5,3,5,4,5,4,5,4,4,4,5,5,5,2,3,3,4,3,5,4,4,4,4,2
295,2,1,52,"4",65,"5",3,3,4,3,4,4,5,3,4,3,2,2,4,3,2,2,4,4,4,4,5,3,4,2,2
296,2,1,74,"6",87,"7",4,4,3,4,3,2,3,4,4,3,3,3,4,4,3,4,3,3,2,3,3,3,3,2,2
297,2,1,52,"4",64,"5",5,4,4,5,1,4,4,4,4,NA,5,4,NA,NA,NA,NA,NA,NA,NA,NA,NA,NA,NA,NA,2
298,2,1,70,"6",NA,NA,5,3,3,3,5,2,5,4,4,3,4,2,NA,NA,NA,NA,NA,NA,NA,NA,NA,NA,NA,NA,2
299,2,0,50,"4",65,"5",5,4,2,3,4,5,2,4,3,3,4,NA,4,NA,3,2,4,5,4,3,4,5,4,3,2
300,2,0,51,"4",NA,NA,3,4,4,3,4,3,3,5,5,NA,3,NA,NA,NA,NA,NA,NA,NA,NA,NA,NA,NA,NA,NA,2
301,2,0,48,"4",61,"5",5,NA,5,5,5,3,5,NA,5,5,3,5,4,2,5,4,5,2,3,NA,5,5,2,3,2
302,2,0,51,"4",65,"5",4,3,3,4,4,3,2,3,3,4,4,3,3,3,3,2,4,2,3,2,4,3,4,3,2
303,2,0,58,"5",NA,NA,4,4,3,3,4,3,3,3,4,2,3,2,NA,NA,NA,NA,NA,NA,NA,NA,NA,NA,NA,NA,2
304,2,0,50,"4",63,"5",4,4,3,4,3,4,2,4,4,4,4,3,4,4,3,3,4,3,3,3,4,4,4,2,2
305,2,1,59,"5",71,"6",4,4,3,4,2,3,3,3,4,3,4,3,3,4,4,4,4,3,3,3,3,4,4,3,2
306,2,0,74,"6",88,"7",4,3,3,4,3,1,1,4,NA,4,4,NA,3,3,4,2,4,2,2,4,2,NA,5,2,2
307,2,1,62,"5",NA,NA,NA,NA,NA,NA,NA,NA,NA,NA,NA,NA,NA,NA,NA,NA,NA,NA,NA,NA,NA,NA,NA,NA,NA,NA,2
308,2,0,58,"5",71,"6",4,3,3,2,4,4,1,NA,4,4,4,NA,3,4,3,3,4,3,2,NA,4,4,4,3,2
309,2,0,52,"4",66,"6",5,4,4,5,3,4,3,2,4,4,4,4,5,5,4,4,4,4,4,5,4,4,4,4,2
310,2,1,53,"4",69,"6",4,3,3,4,5,3,3,4,3,NA,4,4,3,3,4,2,4,2,3,2,4,NA,5,2,2
311,2,0,80,"6",93,"7",3,4,4,4,5,4,4,4,4,3,4,3,4,4,4,3,5,4,3,4,4,4,4,3,2
312,2,1,46,"4",NA,NA,5,1,3,2,4,3,3,3,3,NA,2,3,NA,NA,NA,NA,NA,NA,NA,NA,NA,NA,NA,NA,2
313,2,0,76,"6",90,"7",5,4,4,5,5,3,3,4,3,4,4,3,3,4,4,3,4,4,3,3,3,3,4,3,2
314,2,0,56,"5",70,"6",5,4,3,5,3,4,4,4,5,4,4,2,4,4,3,3,4,4,4,4,5,3,4,2,2
315,2,0,67,"6",NA,NA,2,1,4,2,5,2,5,5,5,2,3,1,NA,NA,NA,NA,NA,NA,NA,NA,NA,NA,NA,NA,2
316,2,0,73,"6",87,"7",4,NA,2,4,4,3,3,5,4,3,2,4,2,NA,NA,NA,4,3,4,4,4,NA,NA,3,2
317,2,0,67,"6",80,"7",4,4,3,3,5,4,NA,1,3,2,2,5,4,4,4,2,4,3,4,4,4,3,2,NA,2
318,2,1,64,"5",NA,NA,3,4,3,1,5,3,5,4,2,4,2,4,NA,NA,NA,NA,NA,NA,NA,NA,NA,NA,NA,NA,2
319,2,0,70,"6",83,"7",4,4,3,5,4,4,2,4,4,4,4,4,4,4,3,3,4,4,4,4,4,3,4,4,2
320,2,0,62,"5",74,"6",5,2,3,2,2,NA,2,2,2,1,1,1,3,4,2,3,3,2,2,4,4,NA,3,3,2
321,2,1,65,"5",78,"7",2,4,2,5,4,3,2,4,3,3,3,2,4,4,2,4,3,4,4,5,4,3,3,2,2
322,2,0,42,"4",55,"5",5,5,3,5,5,3,3,4,5,4,5,3,5,4,3,4,4,2,4,5,5,4,5,3,2
323,2,1,67,"6",NA,NA,5,5,1,5,1,3,4,5,3,4,4,3,NA,NA,NA,NA,NA,NA,NA,NA,NA,NA,NA,NA,2
324,2,1,75,"6",88,"7",4,4,2,5,4,2,3,4,4,4,5,4,3,5,4,4,4,3,5,5,5,4,5,3,2
325,2,0,56,"5",70,"6",5,NA,3,3,5,4,4,NA,5,NA,NA,NA,2,NA,3,NA,4,NA,5,NA,5,NA,5,NA,2
326,2,0,61,"5",75,"6",2,3,4,4,5,4,2,2,1,3,5,NA,3,1,3,2,3,1,3,5,5,3,5,1,2
327,2,1,42,"4",NA,NA,NA,NA,NA,NA,NA,NA,NA,NA,NA,NA,NA,NA,NA,NA,NA,NA,NA,NA,NA,NA,NA,NA,NA,NA,2
328,2,1,70,"6",83,"7",5,2,5,5,5,2,3,4,3,2,3,3,5,5,4,4,5,4,3,3,4,4,3,2,2
329,2,1,51,"4",67,"6",3,NA,4,NA,5,1,1,NA,5,3,3,NA,3,NA,4,2,4,5,5,4,5,3,2,1,2
330,2,1,64,"5",78,"7",5,4,3,5,5,3,3,4,4,4,3,4,3,3,4,3,4,3,3,4,4,3,5,4,2
331,2,1,53,"4",66,"6",4,4,4,4,4,3,1,2,4,4,3,4,3,5,4,4,3,2,2,2,5,4,4,4,2
332,2,1,67,"6",80,"7",4,3,4,4,4,4,4,4,4,3,4,4,5,4,5,3,4,4,4,4,5,4,5,4,2
333,2,0,57,"5",70,"6",5,3,4,3,5,4,3,4,4,3,4,3,5,3,4,2,4,3,3,4,5,3,5,3,2
334,2,1,67,"6",80,"7",4,3,4,3,4,3,3,3,2,3,4,2,4,4,4,3,3,3,3,4,5,4,3,2,2
335,2,0,78,"6",91,"7",4,4,3,4,5,5,4,5,4,4,4,3,4,3,2,3,4,5,4,3,4,4,4,2,2
336,2,1,67,"6",NA,NA,NA,NA,NA,NA,NA,NA,NA,NA,NA,NA,NA,NA,NA,NA,NA,NA,NA,NA,NA,NA,NA,NA,NA,NA,2
337,2,0,66,"6",NA,NA,3,NA,NA,NA,5,2,4,2,5,4,4,NA,NA,NA,NA,NA,NA,NA,NA,NA,NA,NA,NA,NA,2
338,2,1,67,"6",80,"7",4,3,2,4,4,1,3,5,4,NA,4,4,3,4,4,3,4,4,3,4,4,4,NA,2,2
339,2,1,62,"5",74,"6",5,3,5,3,5,4,3,5,5,4,5,4,5,4,5,1,4,4,3,4,5,4,4,4,2
340,2,0,58,"5",70,"6",4,4,3,4,5,4,3,4,4,3,4,3,4,3,4,2,4,5,3,4,5,4,NA,3,2
341,2,0,57,"5",NA,NA,4,3,3,4,5,3,4,3,4,3,3,2,NA,NA,NA,NA,NA,NA,NA,NA,NA,NA,NA,NA,2
342,2,0,68,"6",82,"7",4,3,3,4,3,4,3,3,4,3,4,4,5,4,3,3,4,4,4,4,5,4,3,3,2
343,2,0,67,"6",NA,NA,3,NA,NA,3,2,2,2,2,3,4,4,NA,NA,NA,NA,NA,NA,NA,NA,NA,NA,NA,NA,NA,2
344,2,0,47,"4",59,"5",4,4,2,5,5,NA,4,4,4,NA,4,4,3,2,3,NA,3,NA,3,2,5,NA,5,1,2
345,2,0,68,"6",NA,NA,NA,NA,NA,NA,NA,NA,NA,NA,NA,NA,NA,NA,NA,NA,NA,NA,NA,NA,NA,NA,NA,NA,NA,NA,2
346,2,0,68,"6",82,"7",4,5,3,5,5,3,4,5,5,5,5,5,3,4,2,3,3,2,4,4,5,4,3,3,2
347,2,0,68,"6",81,"7",4,4,4,4,4,3,3,5,4,NA,4,4,4,5,3,3,4,4,4,4,5,4,4,4,2
348,2,1,68,"6",83,"7",5,3,4,3,4,3,3,4,4,4,4,2,5,3,5,3,5,3,5,3,5,4,5,3,2
349,2,0,83,"6",97,"7",4,4,5,4,5,4,4,5,5,4,4,3,3,4,4,3,3,2,2,3,4,3,4,3,2
350,2,1,68,"6",82,"7",5,4,1,5,5,4,5,4,5,4,5,4,4,3,5,3,4,4,3,4,4,4,5,3,2
351,2,1,50,"4",63,"5",5,3,3,4,5,5,4,3,4,4,3,2,4,4,4,3,4,4,4,3,4,4,4,3,2
352,2,0,49,"4",NA,NA,5,3,1,NA,3,5,NA,3,5,3,1,3,NA,NA,NA,NA,NA,NA,NA,NA,NA,NA,NA,NA,2
353,2,1,65,"5",78,"7",4,2,3,2,3,4,3,1,3,1,2,2,4,3,3,1,4,3,4,5,4,2,4,2,2
354,2,0,42,"4",54,"5",5,4,4,4,2,2,1,4,2,3,2,2,5,5,3,3,2,4,1,5,3,3,2,4,2
355,2,0,75,"6",88,"7",NA,3,4,4,5,2,4,3,4,4,5,3,4,4,4,3,4,3,4,3,4,4,4,3,2
356,2,1,69,"6",83,"7",4,4,4,5,4,3,4,4,5,4,5,4,3,4,2,4,3,3,2,1,4,4,4,4,2
357,2,0,45,"4",57,"5",3,1,4,3,3,3,4,2,3,3,3,1,4,3,3,2,3,3,3,2,NA,3,4,2,2
358,2,0,42,"4",54,"5",NA,NA,NA,NA,NA,NA,NA,NA,NA,NA,NA,NA,3,4,4,4,3,3,1,2,4,1,2,1,2
359,2,0,47,"4",61,"5",4,3,3,4,4,4,2,4,4,2,3,1,4,4,4,4,4,3,2,4,5,5,4,3,2
360,2,0,82,"6",95,"7",5,3,4,4,5,3,3,3,5,4,4,1,4,3,5,3,4,4,4,3,5,4,4,3,2
361,2,0,49,"4",61,"5",5,4,4,5,5,4,4,3,5,NA,4,NA,4,4,5,4,4,3,4,4,5,NA,4,4,2
362,2,0,70,"6",NA,NA,5,4,4,4,5,5,3,3,4,3,3,4,NA,NA,NA,NA,NA,NA,NA,NA,NA,NA,NA,NA,2
363,2,0,51,"4",64,"5",5,3,2,3,4,3,4,2,4,2,4,NA,5,3,3,3,4,3,5,5,5,4,4,2,2
364,2,0,55,"5",68,"6",5,NA,4,NA,5,4,4,4,5,NA,2,NA,5,NA,3,2,3,5,3,4,4,4,NA,NA,2
365,2,1,46,"4",58,"5",5,1,2,5,5,2,3,3,5,3,3,5,4,1,5,4,3,2,4,5,5,2,3,1,2
366,2,0,76,"6",90,"7",4,4,2,5,5,1,3,5,5,3,4,4,4,3,2,4,5,2,3,3,5,3,2,1,2
367,2,1,61,"5",74,"6",3,3,3,2,5,2,4,4,4,3,3,1,4,3,3,3,4,3,2,5,3,3,4,2,2
368,2,0,67,"6",80,"7",NA,3,4,3,4,4,2,4,4,4,3,3,4,2,2,2,2,2,4,4,4,NA,NA,3,2
369,2,1,58,"5",70,"6",4,3,4,4,5,5,3,4,3,3,4,3,4,3,4,2,5,4,3,3,4,4,4,3,2
370,2,0,77,"6",89,"7",5,4,4,4,4,4,2,3,3,4,4,4,3,2,4,2,3,3,2,4,3,3,3,3,2
371,2,1,74,"6",NA,NA,5,5,1,5,5,4,4,5,5,4,4,5,NA,NA,NA,NA,NA,NA,NA,NA,NA,NA,NA,NA,2
372,2,1,68,"6",81,"7",5,3,NA,5,5,2,NA,3,3,3,5,3,4,3,5,4,5,4,3,4,5,4,5,3,2
373,2,1,60,"5",72,"6",5,5,1,5,1,3,5,5,5,5,1,5,NA,3,2,4,4,4,4,4,4,4,NA,4,2
374,2,0,68,"6",81,"7",5,3,4,4,3,2,1,2,2,5,4,1,3,3,5,NA,5,2,1,2,4,NA,5,NA,2
375,2,1,71,"6",NA,NA,4,4,4,4,5,5,3,5,5,4,5,3,NA,NA,NA,NA,NA,NA,NA,NA,NA,NA,NA,NA,2
376,2,0,73,"6",85,"7",4,3,3,4,5,3,4,5,5,3,4,3,4,3,2,2,5,4,4,5,5,3,4,1,2
377,2,0,79,"6",91,"7",5,4,5,5,5,5,5,5,5,5,5,5,5,4,4,4,5,5,5,5,5,5,5,5,2
378,2,0,42,"4",55,"5",5,2,2,2,4,1,4,4,4,2,NA,2,2,3,4,1,4,1,3,1,4,3,4,1,2
379,2,0,67,"6",80,"7",5,4,5,5,5,4,4,5,4,4,5,4,4,4,4,3,5,4,4,5,5,4,5,4,2
380,2,0,49,"4",61,"5",5,5,NA,4,4,2,5,2,5,4,4,NA,3,4,4,4,3,4,4,2,5,4,4,2,2
381,2,0,47,"4",60,"5",4,5,3,4,5,2,5,4,4,4,3,3,4,4,4,4,5,4,5,5,5,5,5,4,2
382,2,1,44,"4",57,"5",4,4,4,5,3,2,3,4,3,4,3,3,3,4,3,4,4,3,3,4,4,4,4,4,2
383,2,1,75,"6",89,"7",3,3,3,3,5,3,3,5,3,NA,5,NA,3,2,5,1,5,4,4,3,5,NA,5,NA,2
384,2,1,67,"6",80,"7",4,3,2,5,4,4,3,4,3,NA,4,1,4,3,4,3,5,3,2,4,5,4,5,2,2
385,2,0,81,"6",NA,NA,5,2,4,NA,5,3,2,3,3,NA,3,2,NA,NA,NA,NA,NA,NA,NA,NA,NA,NA,NA,NA,2
386,2,1,68,"6",81,"7",4,3,4,4,4,2,3,3,4,3,4,2,3,4,3,3,4,3,3,NA,4,3,4,3,2
387,2,1,61,"5",75,"6",3,3,4,4,5,4,5,4,5,3,3,4,4,3,1,4,3,5,5,5,5,3,3,5,2
388,2,0,71,"6",84,"7",1,1,5,3,4,2,1,4,4,NA,4,1,4,1,5,2,3,4,2,4,5,4,5,2,2
389,2,0,49,"4",NA,NA,4,3,4,4,5,4,NA,NA,5,3,4,NA,NA,NA,NA,NA,NA,NA,NA,NA,NA,NA,NA,NA,2
390,2,1,68,"6",NA,NA,NA,NA,NA,NA,NA,NA,NA,NA,NA,NA,NA,NA,NA,NA,NA,NA,NA,NA,NA,NA,NA,NA,NA,NA,2
391,2,1,62,"5",75,"6",5,4,3,5,5,3,5,5,5,5,3,3,4,4,4,4,5,5,4,5,5,5,1,5,2
392,2,0,42,"4",55,"5",4,3,4,4,5,3,3,3,5,3,3,3,3,3,3,3,4,3,3,3,3,3,4,2,2
393,2,1,68,"6",81,"7",4,3,3,3,4,4,3,NA,4,3,3,2,3,3,3,2,3,4,2,NA,3,3,3,2,2
394,2,0,67,"6",81,"7",5,5,5,5,5,5,5,5,5,4,4,4,NA,NA,NA,NA,NA,NA,NA,NA,NA,NA,NA,NA,2
395,2,0,80,"6",94,"7",5,5,3,5,5,3,3,4,4,4,5,4,3,4,4,3,4,3,3,5,4,4,4,4,2
396,2,1,69,"6",82,"7",4,4,2,3,5,4,4,3,3,3,3,NA,4,3,3,2,4,5,3,5,4,5,5,NA,2
397,2,0,55,"5",NA,NA,5,3,3,4,1,3,2,4,1,1,4,NA,NA,NA,NA,NA,NA,NA,NA,NA,NA,NA,NA,NA,2
398,2,0,44,"4",57,"5",4,4,3,5,4,2,3,4,3,4,4,3,4,4,4,4,3,3,4,5,4,5,4,2,2
399,2,0,58,"5",NA,NA,2,2,2,2,3,2,2,3,NA,3,3,1,NA,NA,NA,NA,NA,NA,NA,NA,NA,NA,NA,NA,2
400,2,0,57,"5",70,"6",NA,NA,NA,NA,NA,NA,NA,NA,NA,NA,NA,NA,3,2,NA,3,3,4,4,4,4,NA,NA,NA,2
401,2,0,42,"4",55,"5",4,2,5,3,1,4,2,4,4,4,5,3,3,3,5,3,4,4,5,2,5,5,4,3,2
402,2,0,80,"6",NA,NA,5,4,5,5,5,5,3,5,5,4,2,3,NA,NA,NA,NA,NA,NA,NA,NA,NA,NA,NA,NA,2
403,2,0,42,"4",56,"5",3,4,4,5,4,4,1,4,4,4,4,4,3,4,4,3,3,3,2,4,4,3,4,2,2
404,2,0,75,"6",88,"7",4,3,3,3,4,4,3,4,4,4,3,NA,3,3,4,2,3,3,3,4,2,4,3,2,2
405,2,0,52,"4",NA,NA,4,3,5,4,5,5,3,5,5,3,4,2,NA,NA,NA,NA,NA,NA,NA,NA,NA,NA,NA,NA,2
406,2,1,69,"6",81,"7",2,1,4,3,3,3,4,5,4,4,4,1,3,1,4,3,3,3,4,2,4,3,4,2,2
407,2,1,55,"5",67,"6",4,4,4,4,5,4,3,4,5,3,4,4,3,4,4,4,4,3,3,4,3,3,4,3,2
408,2,0,60,"5",72,"6",5,3,4,4,5,4,3,4,4,4,4,2,4,NA,4,3,5,4,3,5,4,4,4,2,2
409,2,0,49,"4",61,"5",4,NA,3,NA,3,3,4,3,4,4,3,NA,4,3,4,3,4,3,3,5,3,5,4,3,2
410,2,1,42,"4",54,"5",4,4,4,4,4,3,2,3,4,NA,3,4,4,4,4,4,5,4,4,4,5,NA,5,4,2
411,3,0,42,"4",NA,NA,3,3,NA,3,3,5,3,3,4,NA,3,2,NA,NA,NA,NA,NA,NA,NA,NA,NA,NA,NA,NA,1
412,3,1,67,"6",80,"7",4,NA,4,3,4,4,2,4,5,NA,4,NA,4,NA,NA,2,3,4,2,3,4,NA,4,NA,1
413,3,0,52,"4",65,"5",4,3,3,4,5,3,3,3,4,NA,3,3,3,2,1,2,4,3,3,4,4,NA,5,2,1
414,3,1,52,"4",66,"6",5,2,4,3,5,5,4,4,5,3,5,2,5,3,4,3,5,5,4,5,5,4,5,3,1
415,3,1,52,"4",64,"5",3,3,NA,3,5,2,1,5,3,4,3,1,NA,3,NA,2,1,3,2,5,5,4,NA,3,1
416,3,1,62,"5",NA,NA,5,4,5,5,5,5,4,5,5,4,5,4,NA,NA,NA,NA,NA,NA,NA,NA,NA,NA,NA,NA,1
417,3,0,60,"5",74,"6",5,4,4,5,3,5,2,5,3,NA,NA,3,5,5,3,4,3,5,3,4,4,NA,NA,4,1
418,3,1,71,"6",83,"7",5,3,5,4,4,4,3,4,4,3,4,3,4,3,4,3,4,4,2,4,3,3,4,3,1
419,3,0,59,"5",73,"6",2,3,2,2,3,2,2,2,2,2,2,2,2,3,3,3,3,3,2,3,3,2,3,2,1
420,3,0,43,"4",56,"5",4,NA,4,4,5,3,4,5,4,3,3,2,3,3,3,2,3,2,3,4,3,2,4,3,1
421,3,0,43,"4",NA,NA,5,4,NA,4,5,3,4,5,5,5,4,NA,NA,NA,NA,NA,NA,NA,NA,NA,NA,NA,NA,NA,1
422,3,1,80,"6",93,"7",5,4,3,4,4,1,1,5,3,NA,4,2,3,5,3,4,3,2,2,4,3,4,3,4,1
423,3,1,51,"4",65,"5",4,3,3,3,3,3,2,3,3,3,3,3,3,3,3,2,3,3,2,3,2,2,3,2,1
424,3,0,47,"4",59,"5",4,1,4,1,3,2,3,2,3,3,2,1,5,4,3,3,4,4,3,3,4,NA,5,NA,1
425,3,0,62,"5",81,"7",5,1,2,5,5,2,4,5,2,5,3,3,4,4,5,4,5,4,3,5,5,5,5,3,1
426,3,1,47,"4",61,"5",4,5,4,5,4,3,3,5,4,NA,5,NA,5,3,4,3,3,4,3,5,4,4,5,NA,1
427,3,0,58,"5",NA,NA,4,NA,4,3,3,3,3,5,3,NA,4,3,NA,NA,NA,NA,NA,NA,NA,NA,NA,NA,NA,NA,1
428,3,1,50,"4",NA,NA,4,3,4,3,3,3,3,3,4,3,4,3,NA,NA,NA,NA,NA,NA,NA,NA,NA,NA,NA,NA,1
429,3,1,62,"5",76,"6",5,5,5,5,5,4,5,4,5,5,5,4,5,5,3,4,5,3,5,5,5,5,5,5,1
430,3,1,61,"5",74,"6",4,3,4,3,5,5,3,3,4,4,4,3,4,3,5,3,4,5,3,3,4,4,4,4,1
431,3,0,68,"6",80,"7",5,NA,3,3,5,2,2,4,4,NA,3,NA,3,NA,4,1,4,3,2,4,4,NA,NA,NA,1
432,3,1,53,"4",66,"6",5,3,4,4,4,4,4,3,4,2,4,NA,3,4,4,3,4,3,4,4,5,3,5,2,1
433,3,1,48,"4",63,"5",5,3,5,4,3,4,3,5,4,4,3,3,5,3,5,3,3,3,3,4,4,NA,3,NA,1
434,3,0,43,"4",NA,NA,NA,NA,NA,NA,NA,NA,NA,NA,NA,NA,NA,NA,NA,NA,NA,NA,NA,NA,NA,NA,NA,NA,NA,NA,1
435,3,1,56,"5",70,"6",5,4,NA,4,3,NA,3,3,3,3,4,NA,NA,NA,NA,NA,NA,NA,NA,NA,NA,NA,NA,NA,1
436,3,1,66,"6",78,"7",3,3,2,3,3,4,3,5,4,NA,NA,2,1,2,2,1,3,3,3,4,4,NA,NA,NA,1
437,3,1,42,"4",55,"5",NA,4,NA,3,4,3,4,NA,NA,3,3,NA,4,4,3,3,3,4,2,4,3,4,3,NA,1
438,3,0,43,"4",NA,NA,NA,NA,NA,NA,NA,NA,NA,NA,NA,NA,NA,NA,NA,NA,NA,NA,NA,NA,NA,NA,NA,NA,NA,NA,1
439,3,1,55,"5",69,"6",4,3,3,4,4,3,2,4,4,4,4,3,3,4,4,4,4,4,4,5,5,4,4,4,1
440,3,0,68,"6",80,"7",4,3,3,4,4,3,3,5,5,3,4,2,4,4,3,3,4,3,4,5,4,3,4,3,1
441,3,1,42,"4",NA,NA,4,5,3,5,5,4,4,4,4,4,4,NA,NA,NA,NA,NA,NA,NA,NA,NA,NA,NA,NA,NA,1
442,3,0,50,"4",63,"5",4,3,3,4,3,3,2,4,2,3,3,2,5,5,3,4,5,3,2,4,3,3,4,4,1
443,3,0,62,"5",73,"6",5,NA,4,3,4,4,4,5,4,4,4,4,4,NA,NA,3,5,4,2,4,4,4,4,4,1
444,3,1,64,"5",NA,NA,4,3,1,4,4,1,5,2,3,3,3,4,NA,NA,NA,NA,NA,NA,NA,NA,NA,NA,NA,NA,1
445,3,0,48,"4",63,"5",4,4,3,4,3,3,2,5,4,3,2,3,3,2,4,1,3,3,2,5,4,NA,4,NA,1
446,3,1,71,"6",84,"7",5,2,NA,2,2,5,3,4,3,3,5,2,5,4,1,4,5,5,4,4,4,4,5,4,1
447,3,1,72,"6",87,"7",5,5,5,5,4,5,2,5,2,5,4,5,5,4,5,3,4,5,4,5,3,4,5,5,1
448,3,1,53,"4",67,"6",5,5,2,5,1,5,5,5,5,5,5,5,5,5,2,4,5,5,5,5,5,5,5,5,1
449,3,1,52,"4",69,"6",5,4,3,4,4,3,3,4,3,2,3,3,5,5,5,4,5,5,5,5,5,5,4,5,1
450,3,0,56,"5",69,"6",4,3,3,4,3,2,3,5,2,4,4,NA,3,4,3,3,4,2,3,3,4,3,4,4,1
451,3,1,55,"5",70,"6",5,3,1,5,1,3,3,5,5,5,5,3,3,3,5,4,3,3,3,5,5,5,3,3,1
452,3,1,42,"4",55,"5",3,4,3,4,4,3,4,3,5,NA,5,4,4,3,3,2,4,3,2,3,2,3,4,2,1
453,3,1,53,"4",NA,NA,4,4,1,5,1,3,NA,NA,5,5,3,5,NA,NA,NA,NA,NA,NA,NA,NA,NA,NA,NA,NA,1
454,3,0,56,"5",69,"6",NA,NA,NA,NA,NA,NA,NA,NA,NA,NA,NA,NA,3,3,4,2,3,NA,1,2,2,2,4,2,1
455,3,0,43,"4",NA,NA,NA,NA,NA,NA,NA,NA,NA,NA,NA,NA,NA,NA,NA,NA,NA,NA,NA,NA,NA,NA,NA,NA,NA,NA,1
456,3,0,60,"5",73,"6",5,3,3,4,4,4,2,3,2,NA,NA,NA,4,4,3,4,4,3,2,4,3,4,4,3,1
457,3,1,66,"6",NA,NA,5,4,5,5,1,4,4,4,4,3,4,3,NA,NA,NA,NA,NA,NA,NA,NA,NA,NA,NA,NA,1
458,3,1,61,"5",75,"6",5,5,5,5,5,4,4,5,5,4,3,4,5,5,4,4,3,3,2,5,3,5,1,4,1
459,3,1,74,"6",87,"7",5,4,5,4,5,5,4,5,5,4,5,5,3,4,4,4,3,3,2,NA,NA,4,3,3,1
460,3,1,82,"6",NA,NA,5,4,3,5,3,3,5,5,5,3,3,4,NA,NA,NA,NA,NA,NA,NA,NA,NA,NA,NA,NA,1
461,3,1,66,"6",80,"7",5,4,3,5,5,3,5,4,5,3,4,4,5,5,4,4,4,4,3,4,3,4,5,4,1
462,3,0,73,"6",87,"7",5,NA,4,4,5,3,3,3,3,NA,3,NA,3,2,5,2,5,3,3,4,5,3,4,NA,1
463,3,0,42,"4",55,"5",5,3,NA,4,2,NA,3,3,4,NA,3,NA,3,4,3,4,5,2,5,3,5,3,4,3,1
464,3,1,43,"4",NA,NA,3,4,5,4,5,4,4,3,4,4,4,4,NA,NA,NA,NA,NA,NA,NA,NA,NA,NA,NA,NA,1
465,3,1,79,"6",91,"7",5,4,3,5,4,4,3,3,4,4,5,3,5,4,5,4,4,4,4,4,5,5,5,4,1
466,3,1,58,"5",72,"6",4,2,5,3,2,1,1,1,1,2,1,1,3,3,4,2,3,2,1,3,2,2,3,2,1
467,3,1,51,"4",63,"5",5,5,5,5,3,2,4,5,5,4,4,3,5,5,5,4,5,5,5,5,5,5,5,5,1
468,3,0,69,"6",NA,NA,5,4,3,4,4,2,4,4,4,4,5,2,NA,NA,NA,NA,NA,NA,NA,NA,NA,NA,NA,NA,1
469,3,0,45,"4",59,"5",5,4,4,4,5,1,3,5,4,4,5,4,4,4,5,3,4,4,3,5,4,4,5,4,1
470,3,0,47,"4",64,"5",3,5,4,5,4,4,2,4,4,4,2,4,2,3,4,2,3,4,2,1,3,2,4,2,1
471,3,1,57,"5",69,"6",NA,NA,NA,3,5,3,5,5,5,4,5,NA,3,1,5,2,3,3,5,5,5,4,4,2,1
472,3,0,77,"6",91,"7",5,4,4,4,4,5,4,4,4,4,3,3,3,4,4,3,4,4,4,4,4,NA,4,NA,1
473,3,0,42,"4",54,"5",5,3,4,4,5,3,3,4,3,NA,5,NA,5,4,4,3,5,2,5,3,5,4,4,4,1
474,3,1,59,"5",73,"6",4,3,4,3,5,3,3,3,2,2,5,3,5,4,5,4,5,4,3,3,4,4,5,3,1
475,3,1,52,"4",77,"6",5,4,5,4,5,4,5,5,5,5,5,3,3,4,5,4,5,3,4,5,5,5,5,2,1
476,3,1,85,"6",NA,NA,5,3,3,3,4,1,1,5,3,NA,4,NA,NA,NA,NA,NA,NA,NA,NA,NA,NA,NA,NA,NA,1
477,3,0,69,"6",NA,NA,4,4,3,4,5,3,2,3,2,NA,4,3,NA,NA,NA,NA,NA,NA,NA,NA,NA,NA,NA,NA,1
478,3,0,49,"4",NA,NA,1,2,2,3,5,2,4,3,4,4,3,2,NA,NA,NA,NA,NA,NA,NA,NA,NA,NA,NA,NA,1
479,3,0,42,"4",55,"5",NA,NA,NA,NA,3,3,3,3,4,NA,NA,NA,3,2,4,2,2,2,3,2,3,NA,NA,3,1
480,3,1,42,"4",55,"5",5,5,5,5,4,4,3,5,5,3,5,4,5,4,4,4,5,4,3,5,5,5,5,5,1
